hero,radiant_win,patch
Arc Warden,TRUE,
Rubick,TRUE,
Sand King,FALSE,
Ogre Magi,TRUE,
Timbersaw,FALSE,
Lifestealer,TRUE,
Dazzle,FALSE,
Slardar,FALSE,
Shadow Fiend,TRUE,
Terrorblade,FALSE,
Arc Warden,TRUE,
Ogre Magi,TRUE,
Juggernaut,FALSE,
Underlord,TRUE,
Ursa,FALSE,
Shadow Demon,TRUE,
Keeper of the Light,FALSE,
Bounty Hunter,FALSE,
Leshrac,TRUE,
Puck,FALSE,
Sand King,TRUE,
Riki,TRUE,
Slardar,FALSE,
Pudge,TRUE,
Rubick,FALSE,
Shadow Demon,TRUE,
Morphling,FALSE,
Terrorblade,FALSE,
Tinker,TRUE,
Puck,FALSE,
Bounty Hunter,TRUE,
Slardar,TRUE,
Mirana,FALSE,
Faceless Void,TRUE,
Jakiro,FALSE,
Undying,TRUE,
Centaur Warrunner,FALSE,
Puck,FALSE,
Bristleback,TRUE,
Ember Spirit,FALSE,
Bounty Hunter,TRUE,
Earth Spirit,TRUE,
Lifestealer,FALSE,
Legion Commander,TRUE,
Witch Doctor,FALSE,
Juggernaut,TRUE,
Axe,FALSE,
Ursa,FALSE,
Disruptor,TRUE,
Enigma,FALSE,
Batrider,TRUE,
Earth Spirit,TRUE,
Nyx Assassin,FALSE,
Ogre Magi,TRUE,
Oracle,FALSE,
Witch Doctor,TRUE,
Slark,FALSE,
Morphling,FALSE,
Mirana,TRUE,
Storm Spirit,FALSE,
Riki,TRUE,
Batrider,TRUE,
Weaver,FALSE,
Slardar,TRUE,
Witch Doctor,FALSE,
Lifestealer,TRUE,
Pudge,FALSE,
Rubick,FALSE,
Ember Spirit,TRUE,
Omniknight,FALSE,
Bounty Hunter,TRUE,
Ogre Magi,TRUE,
Omniknight,FALSE,
Meepo,TRUE,
Sven,FALSE,
Timbersaw,TRUE,
Shadow Fiend,FALSE,
Rubick,FALSE,
Axe,TRUE,
Batrider,FALSE,
Sand King,TRUE,
Lifestealer,TRUE,
Rubick,FALSE,
Dazzle,TRUE,
Axe,FALSE,
Timbersaw,TRUE,
Outworld Devourer,FALSE,
Ogre Magi,FALSE,
Sniper,TRUE,
Phoenix,FALSE,
Slardar,TRUE,
Sand King,TRUE,
Dazzle,FALSE,
Silencer,TRUE,
Ogre Magi,FALSE,
Juggernaut,TRUE,
Drow Ranger,FALSE,
Bounty Hunter,FALSE,
Templar Assassin,TRUE,
Viper,FALSE,
Batrider,TRUE,
Bounty Hunter,TRUE,
Legion Commander,FALSE,
Ogre Magi,TRUE,
Disruptor,FALSE,
Lifestealer,TRUE,
Ursa,FALSE,
Witch Doctor,FALSE,
Queen of Pain,TRUE,
Puck,FALSE,
Underlord,TRUE,
Rubick,TRUE,
Juggernaut,FALSE,
Undying,TRUE,
Legion Commander,FALSE,
Leshrac,TRUE,
Nyx Assassin,FALSE,
Sven,FALSE,
Dragon Knight,TRUE,
Keeper of the Light,FALSE,
Ogre Magi,TRUE,
Underlord,TRUE,
Disruptor,FALSE,
Timbersaw,TRUE,
Silencer,FALSE,
Jakiro,TRUE,
Puck,FALSE,
Dragon Knight,FALSE,
Luna,TRUE,
Anti-Mage,FALSE,
Batrider,TRUE,
Underlord,TRUE,
Undying,FALSE,
Earth Spirit,TRUE,
Crystal Maiden,FALSE,
Puck,TRUE,
Drow Ranger,FALSE,
Visage,FALSE,
Gyrocopter,TRUE,
Invoker,FALSE,
Sand King,TRUE,
Disruptor,TRUE,
Slardar,FALSE,
Dazzle,TRUE,
Ember Spirit,FALSE,
Pudge,TRUE,
Mirana,FALSE,
Sniper,FALSE,
Wraith King,TRUE,
Sven,FALSE,
Shadow Demon,TRUE,
Ogre Magi,TRUE,
Sand King,FALSE,
Centaur Warrunner,TRUE,
Juggernaut,FALSE,
Dark Seer,TRUE,
Jakiro,FALSE,
Sniper,FALSE,
Bounty Hunter,TRUE,
Queen of Pain,FALSE,
Ogre Magi,TRUE,
Witch Doctor,TRUE,
Batrider,FALSE,
Sand King,TRUE,
Spirit Breaker,FALSE,
Vengeful Spirit,TRUE,
Queen of Pain,FALSE,
Juggernaut,FALSE,
Tinker,TRUE,
Faceless Void,FALSE,
Rubick,TRUE,
Ember Spirit,TRUE,
Pudge,FALSE,
Nyx Assassin,TRUE,
Lifestealer,FALSE,
Faceless Void,TRUE,
Witch Doctor,FALSE,
Bloodseeker,FALSE,
Timbersaw,TRUE,
Clockwerk,FALSE,
Ogre Magi,TRUE,
Oracle,TRUE,
Spirit Breaker,FALSE,
Shadow Fiend,TRUE,
Batrider,FALSE,
Juggernaut,TRUE,
Sven,FALSE,
Nyx Assassin,FALSE,
Crystal Maiden,TRUE,
Undying,FALSE,
Ogre Magi,TRUE,
Batrider,TRUE,
Rubick,FALSE,
Lifestealer,TRUE,
Spirit Breaker,FALSE,
Sand King,TRUE,
Juggernaut,FALSE,
Storm Spirit,FALSE,
Jakiro,TRUE,
Outworld Devourer,FALSE,
Ogre Magi,TRUE,
Shadow Demon,TRUE,
Mirana,FALSE,
Juggernaut,TRUE,
Slardar,FALSE,
Disruptor,TRUE,
Invoker,FALSE,
Sand King,FALSE,
Puck,TRUE,
Ursa,FALSE,
Underlord,TRUE,
Pudge,TRUE,
Leshrac,FALSE,
Bounty Hunter,TRUE,
Night Stalker,FALSE,
Juggernaut,TRUE,
Enchantress,FALSE,
Witch Doctor,FALSE,
Ember Spirit,TRUE,
Tinker,FALSE,
Ogre Magi,TRUE,
Omniknight,TRUE,
Slardar,FALSE,
Disruptor,TRUE,
Lion,FALSE,
Juggernaut,TRUE,
Alchemist,FALSE,
Sand King,FALSE,
Storm Spirit,TRUE,
Anti-Mage,FALSE,
Ogre Magi,TRUE,
Juggernaut,TRUE,
Disruptor,FALSE,
Slark,TRUE,
Tinker,FALSE,
Witch Doctor,TRUE,
Spirit Breaker,FALSE,
Timbersaw,FALSE,
Meepo,TRUE,
Magnus,FALSE,
Bounty Hunter,TRUE,
Slardar,TRUE,
Lifestealer,FALSE,
Disruptor,TRUE,
Dark Seer,FALSE,
Juggernaut,TRUE,
Timbersaw,FALSE,
Nyx Assassin,FALSE,
Invoker,TRUE,
Riki,FALSE,
Ogre Magi,TRUE,
Warlock,TRUE,
Clockwerk,FALSE,
Sand King,TRUE,
Puck,FALSE,
Mirana,TRUE,
Pudge,FALSE,
Silencer,FALSE,
Ursa,TRUE,
Wraith King,FALSE,
Ogre Magi,TRUE,
Bounty Hunter,TRUE,
Slardar,FALSE,
Juggernaut,TRUE,
Ember Spirit,FALSE,
Nyx Assassin,TRUE,
Rubick,FALSE,
Legion Commander,FALSE,
Jakiro,TRUE,
Clinkz,FALSE,
Ogre Magi,TRUE,
Slardar,TRUE,
Dazzle,FALSE,
Axe,TRUE,
Phantom Assassin,FALSE,
Omniknight,TRUE,
Sand King,FALSE,
Pudge,FALSE,
Kunkka,TRUE,
Spirit Breaker,FALSE,
Ogre Magi,TRUE,
Warlock,TRUE,
Luna,FALSE,
Rubick,TRUE,
Disruptor,FALSE,
Queen of Pain,TRUE,
Sand King,FALSE,
Lifestealer,FALSE,
Tidehunter,TRUE,
Tinker,FALSE,
Ogre Magi,TRUE,
Kunkka,TRUE,
Sand King,FALSE,
Drow Ranger,TRUE,
Oracle,FALSE,
Slardar,TRUE,
Juggernaut,FALSE,
Warlock,FALSE,
Templar Assassin,TRUE,
Arc Warden,FALSE,
Ogre Magi,TRUE,
Juggernaut,TRUE,
Disruptor,FALSE,
Invoker,TRUE,
Earthshaker,FALSE,
Batrider,TRUE,
Weaver,FALSE,
Rubick,FALSE,
Morphling,TRUE,
Nyx Assassin,FALSE,
Batrider,TRUE,
Nyx Assassin,TRUE,
Disruptor,FALSE,
Io,TRUE,
Spirit Breaker,FALSE,
Chaos Knight,TRUE,
Viper,FALSE,
Legion Commander,FALSE,
Luna,TRUE,
Shadow Fiend,FALSE,
Dark Seer,TRUE,
Slardar,TRUE,
Lifestealer,FALSE,
Winter Wyvern,TRUE,
Disruptor,FALSE,
Spirit Breaker,TRUE,
Timbersaw,FALSE,
Ursa,FALSE,
Sven,TRUE,
Puck,FALSE,
Ogre Magi,TRUE,
Warlock,TRUE,
Axe,FALSE,
Outworld Devourer,TRUE,
Rubick,FALSE,
Batrider,TRUE,
Legion Commander,FALSE,
Disruptor,FALSE,
Morphling,TRUE,
Invoker,FALSE,
Ogre Magi,TRUE,
Clockwerk,TRUE,
Warlock,FALSE,
Luna,TRUE,
Earth Spirit,FALSE,
Visage,TRUE,
Invoker,FALSE,
Batrider,FALSE,
Legion Commander,TRUE,
Morphling,FALSE,
Rubick,TRUE,
Ogre Magi,TRUE,
Nyx Assassin,FALSE,
Juggernaut,TRUE,
Lion,FALSE,
Earth Spirit,TRUE,
Lifestealer,FALSE,
Legion Commander,FALSE,
Mirana,TRUE,
Dragon Knight,FALSE,
Lifestealer,TRUE,
Lich,TRUE,
Sand King,FALSE,
Slardar,TRUE,
Ogre Magi,FALSE,
Io,TRUE,
Sven,FALSE,
Tiny,FALSE,
Witch Doctor,TRUE,
Bristleback,FALSE,
Io,TRUE,
Witch Doctor,TRUE,
Beastmaster,FALSE,
Legion Commander,TRUE,
Undying,FALSE,
Spirit Breaker,TRUE,
Weaver,FALSE,
Juggernaut,FALSE,
Luna,TRUE,
Viper,FALSE,
Bounty Hunter,TRUE,
Io,TRUE,
Bristleback,FALSE,
Timbersaw,TRUE,
Ursa,FALSE,
Sand King,TRUE,
Jakiro,FALSE,
Storm Spirit,FALSE,
Disruptor,TRUE,
Dragon Knight,FALSE,
Ember Spirit,TRUE,
Slardar,TRUE,
Crystal Maiden,FALSE,
Visage,TRUE,
Riki,FALSE,
Dark Seer,TRUE,
Slark,FALSE,
Leshrac,FALSE,
Spectre,TRUE,
Anti-Mage,FALSE,
Bounty Hunter,TRUE,
Oracle,TRUE,
Juggernaut,FALSE,
Clockwerk,TRUE,
Slardar,FALSE,
Dazzle,TRUE,
Mirana,FALSE,
Shadow Fiend,FALSE,
Sven,TRUE,
Ember Spirit,FALSE,
Batrider,TRUE,
Nyx Assassin,TRUE,
Visage,FALSE,
Silencer,TRUE,
Lifestealer,FALSE,
Juggernaut,TRUE,
Anti-Mage,FALSE,
Dragon Knight,FALSE,
Earth Spirit,TRUE,
Mirana,FALSE,
Clockwerk,TRUE,
Rubick,TRUE,
Sand King,FALSE,
Earth Spirit,TRUE,
Timbersaw,FALSE,
Crystal Maiden,TRUE,
Omniknight,FALSE,
Morphling,FALSE,
Ember Spirit,TRUE,
Drow Ranger,FALSE,
Shadow Demon,TRUE,
Witch Doctor,TRUE,
Juggernaut,FALSE,
Slardar,TRUE,
Mirana,FALSE,
Luna,TRUE,
Earthshaker,FALSE,
Dragon Knight,FALSE,
Omniknight,TRUE,
Meepo,FALSE,
Sand King,TRUE,
Lifestealer,TRUE,
Batrider,FALSE,
Dazzle,TRUE,
Kunkka,FALSE,
Earth Spirit,TRUE,
Disruptor,FALSE,
Weaver,FALSE,
Shadow Fiend,TRUE,
Legion Commander,FALSE,
Pudge,TRUE,
Batrider,TRUE,
Undying,FALSE,
Legion Commander,TRUE,
Storm Spirit,FALSE,
Juggernaut,TRUE,
Witch Doctor,FALSE,
Nyx Assassin,FALSE,
Silencer,TRUE,
Sven,FALSE,
Underlord,TRUE,
Timbersaw,TRUE,
Rubick,FALSE,
Drow Ranger,TRUE,
Luna,FALSE,
Shadow Demon,TRUE,
Pudge,FALSE,
Lina,FALSE,
Mirana,TRUE,
Dragon Knight,FALSE,
Slardar,TRUE,
Omniknight,TRUE,
Rubick,FALSE,
Silencer,TRUE,
Clockwerk,FALSE,
Kunkka,TRUE,
Templar Assassin,FALSE,
Ember Spirit,FALSE,
Faceless Void,TRUE,
Clinkz,FALSE,
Batrider,TRUE,
Slardar,TRUE,
Lifestealer,FALSE,
Ogre Magi,TRUE,
Bounty Hunter,FALSE,
Oracle,TRUE,
Witch Doctor,FALSE,
Sven,FALSE,
Dragon Knight,TRUE,
Invoker,FALSE,
Clockwerk,TRUE,
Batrider,TRUE,
Bounty Hunter,FALSE,
Ember Spirit,TRUE,
Oracle,FALSE,
Shadow Demon,TRUE,
Luna,FALSE,
Leshrac,FALSE,
Storm Spirit,TRUE,
Puck,FALSE,
Omniknight,TRUE,
Shadow Demon,TRUE,
Clockwerk,FALSE,
Lifestealer,TRUE,
Weaver,FALSE,
Lion,TRUE,
Drow Ranger,FALSE,
Phantom Assassin,FALSE,
Spirit Breaker,TRUE,
Dragon Knight,FALSE,
Ogre Magi,TRUE,
Oracle,TRUE,
Invoker,FALSE,
Timbersaw,TRUE,
Windranger,FALSE,
Omniknight,TRUE,
Luna,FALSE,
Slardar,FALSE,
Troll Warlord,TRUE,
Enigma,FALSE,
Batrider,TRUE,
Nyx Assassin,TRUE,
Undying,FALSE,
Bounty Hunter,TRUE,
Witch Doctor,FALSE,
Shadow Demon,TRUE,
Tinker,FALSE,
Luna,FALSE,
Templar Assassin,TRUE,
Slark,FALSE,
Crystal Maiden,TRUE,
Warlock,TRUE,
Night Stalker,FALSE,
Mirana,TRUE,
Storm Spirit,FALSE,
Disruptor,TRUE,
Alchemist,FALSE,
Naga Siren,FALSE,
Shadow Fiend,TRUE,
Undying,FALSE,
Rubick,TRUE,
Underlord,TRUE,
Keeper of the Light,FALSE,
Timbersaw,TRUE,
Mirana,FALSE,
Ember Spirit,TRUE,
Dragon Knight,FALSE,
Kunkka,FALSE,
Lifestealer,TRUE,
Lich,FALSE,
Slardar,TRUE,
Batrider,TRUE,
Earth Spirit,FALSE,
Lifestealer,TRUE,
Rubick,FALSE,
Ember Spirit,TRUE,
Weaver,FALSE,
Crystal Maiden,FALSE,
Dark Seer,TRUE,
Dragon Knight,FALSE,
Shadow Demon,TRUE,
Luna,TRUE,
Warlock,FALSE,
Mirana,TRUE,
Centaur Warrunner,FALSE,
Alchemist,TRUE,
Ursa,FALSE,
Clockwerk,FALSE,
Gyrocopter,TRUE,
Io,FALSE,
Shadow Demon,TRUE,
Slardar,TRUE,
Lifestealer,FALSE,
Oracle,TRUE,
Rubick,FALSE,
Luna,TRUE,
Clockwerk,FALSE,
Nyx Assassin,FALSE,
Shadow Fiend,TRUE,
Sniper,FALSE,
Slardar,TRUE,
Bounty Hunter,TRUE,
Sniper,FALSE,
Lifestealer,TRUE,
Bloodseeker,FALSE,
Rubick,TRUE,
Lina,FALSE,
Storm Spirit,FALSE,
Clockwerk,TRUE,
Wraith King,FALSE,
Underlord,TRUE,
Slardar,TRUE,
Ogre Magi,FALSE,
Timbersaw,TRUE,
Warlock,FALSE,
Crystal Maiden,TRUE,
Shadow Fiend,FALSE,
Visage,FALSE,
Lone Druid,TRUE,
Lifestealer,FALSE,
Arc Warden,TRUE,
Tusk,TRUE,
Nyx Assassin,FALSE,
Ogre Magi,TRUE,
Visage,FALSE,
Jakiro,TRUE,
Queen of Pain,FALSE,
Faceless Void,FALSE,
Puck,TRUE,
Venomancer,FALSE,
Ogre Magi,TRUE,
Faceless Void,TRUE,
Invoker,FALSE,
Silencer,TRUE,
Mirana,FALSE,
Slardar,TRUE,
Ancient Apparition,FALSE,
Lifestealer,FALSE,
Outworld Devourer,TRUE,
Nyx Assassin,FALSE,
Shadow Demon,TRUE,
Luna,TRUE,
Rubick,FALSE,
Legion Commander,TRUE,
Sand King,FALSE,
Elder Titan,TRUE,
Io,FALSE,
Invoker,FALSE,
Sven,TRUE,
Templar Assassin,FALSE,
Outworld Devourer,TRUE,
Clockwerk,TRUE,
Mirana,FALSE,
Disruptor,TRUE,
Rubick,FALSE,
Sand King,TRUE,
Lifestealer,FALSE,
Vengeful Spirit,FALSE,
Axe,TRUE,
Windranger,FALSE,
Warlock,TRUE,
Shadow Demon,TRUE,
Luna,FALSE,
Batrider,TRUE,
Io,FALSE,
Broodmother,TRUE,
Bristleback,FALSE,
Bounty Hunter,FALSE,
Queen of Pain,TRUE,
Puck,FALSE,
Slardar,TRUE,
Ogre Magi,TRUE,
Rubick,FALSE,
Lifestealer,TRUE,
Outworld Devourer,FALSE,
Witch Doctor,TRUE,
Beastmaster,FALSE,
Bounty Hunter,FALSE,
Tinker,TRUE,
Ursa,FALSE,
Batrider,TRUE,
Slardar,TRUE,
Lifestealer,FALSE,
Chen,TRUE,
Dragon Knight,FALSE,
Juggernaut,TRUE,
Mirana,FALSE,
Witch Doctor,FALSE,
Sven,TRUE,
Dazzle,FALSE,
Clockwerk,TRUE,
Bounty Hunter,TRUE,
Batrider,FALSE,
Morphling,TRUE,
Crystal Maiden,FALSE,
Keeper of the Light,TRUE,
Lifestealer,FALSE,
Abaddon,FALSE,
Venomancer,TRUE,
Mirana,FALSE,
Underlord,TRUE,
Timbersaw,TRUE,
Shadow Demon,FALSE,
Sand King,TRUE,
Luna,FALSE,
Storm Spirit,TRUE,
Kunkka,FALSE,
Weaver,FALSE,
Warlock,TRUE,
Dragon Knight,FALSE,
Vengeful Spirit,TRUE,
Mirana,TRUE,
Faceless Void,FALSE,
Doom,TRUE,
Dazzle,FALSE,
Batrider,TRUE,
Weaver,FALSE,
Outworld Devourer,FALSE,
Medusa,TRUE,
Nyx Assassin,FALSE,
Crystal Maiden,TRUE,
Warlock,TRUE,
Slardar,FALSE,
Arc Warden,TRUE,
Visage,FALSE,
Legion Commander,TRUE,
Death Prophet,FALSE,
Rubick,FALSE,
Outworld Devourer,TRUE,
Spectre,FALSE,
Sand King,TRUE,
Rubick,TRUE,
Dragon Knight,FALSE,
Earth Spirit,TRUE,
Bounty Hunter,FALSE,
Terrorblade,TRUE,
Undying,FALSE,
Dazzle,FALSE,
Storm Spirit,TRUE,
Centaur Warrunner,FALSE,
Batrider,TRUE,
Nyx Assassin,TRUE,
Jakiro,FALSE,
Omniknight,TRUE,
Earth Spirit,FALSE,
Luna,TRUE,
Shadow Fiend,FALSE,
Witch Doctor,FALSE,
Outworld Devourer,TRUE,
Weaver,FALSE,
Slardar,TRUE,
Disruptor,TRUE,
Outworld Devourer,FALSE,
Rubick,TRUE,
Underlord,FALSE,
Lifestealer,TRUE,
Terrorblade,FALSE,
Shadow Fiend,FALSE,
Nyx Assassin,TRUE,
Ogre Magi,FALSE,
Shadow Demon,TRUE,
Luna,TRUE,
Rubick,FALSE,
Alchemist,TRUE,
Clockwerk,FALSE,
Mirana,TRUE,
Shadow Fiend,FALSE,
Lifestealer,FALSE,
Riki,TRUE,
Centaur Warrunner,FALSE,
Earth Spirit,TRUE,
Faceless Void,TRUE,
Invoker,FALSE,
Drow Ranger,TRUE,
Phoenix,FALSE,
Dragon Knight,TRUE,
Jakiro,FALSE,
Lich,FALSE,
Underlord,TRUE,
Morphling,FALSE,
Rubick,TRUE,
Ogre Magi,TRUE,
Nyx Assassin,FALSE,
Mirana,TRUE,
Pudge,FALSE,
Clockwerk,TRUE,
Razor,FALSE,
Sven,FALSE,
Kunkka,TRUE,
Ember Spirit,FALSE,
Venomancer,TRUE,
Ogre Magi,TRUE,
Juggernaut,FALSE,
Undying,TRUE,
Legion Commander,FALSE,
Omniknight,TRUE,
Skywrath Mage,FALSE,
Outworld Devourer,FALSE,
Sven,TRUE,
Sniper,FALSE,
Sand King,TRUE,
Shadow Demon,TRUE,
Luna,FALSE,
Juggernaut,TRUE,
Invoker,FALSE,
Timbersaw,TRUE,
Slardar,FALSE,
Enchantress,FALSE,
Abaddon,TRUE,
Ancient Apparition,FALSE,
Sand King,TRUE,
Slardar,TRUE,
Lifestealer,FALSE,
Shadow Demon,TRUE,
Lion,FALSE,
Mirana,TRUE,
Storm Spirit,FALSE,
Morphling,FALSE,
Timbersaw,TRUE,
Witch Doctor,FALSE,
Faceless Void,TRUE,
Jakiro,TRUE,
Sand King,FALSE,
Ogre Magi,TRUE,
Juggernaut,FALSE,
Rubick,TRUE,
Dazzle,FALSE,
Skywrath Mage,FALSE,
Batrider,TRUE,
Meepo,FALSE,
Shadow Demon,TRUE,
Slardar,TRUE,
Drow Ranger,FALSE,
Meepo,TRUE,
Underlord,FALSE,
Ember Spirit,TRUE,
Warlock,FALSE,
Lina,FALSE,
Phoenix,TRUE,
Shadow Fiend,FALSE,
Slardar,TRUE,
Shadow Demon,TRUE,
Luna,FALSE,
Disruptor,TRUE,
Sand King,FALSE,
Mirana,TRUE,
Kunkka,FALSE,
Elder Titan,FALSE,
Slark,TRUE,
Storm Spirit,FALSE,
Juggernaut,TRUE,
Warlock,TRUE,
Mirana,FALSE,
Disruptor,TRUE,
Nyx Assassin,FALSE,
Axe,TRUE,
Luna,FALSE,
Shadow Demon,FALSE,
Tinker,TRUE,
Shadow Fiend,FALSE,
Crystal Maiden,TRUE,
Juggernaut,TRUE,
Disruptor,FALSE,
Mirana,TRUE,
Slardar,FALSE,
Dark Seer,TRUE,
Invoker,FALSE,
Bloodseeker,FALSE,
Faceless Void,TRUE,
Legion Commander,FALSE,
Shadow Demon,TRUE,
Ogre Magi,TRUE,
Drow Ranger,FALSE,
Axe,TRUE,
Slardar,FALSE,
Elder Titan,TRUE,
Warlock,FALSE,
Morphling,FALSE,
Tinker,TRUE,
Mirana,FALSE,
Sand King,TRUE,
Slardar,TRUE,
Jakiro,FALSE,
Juggernaut,TRUE,
Slark,FALSE,
Viper,TRUE,
Ancient Apparition,FALSE,
Ogre Magi,FALSE,
Undying,TRUE,
Queen of Pain,FALSE,
Ogre Magi,TRUE,
Lifestealer,TRUE,
Warlock,FALSE,
Magnus,TRUE,
Shadow Demon,FALSE,
Omniknight,TRUE,
Juggernaut,FALSE,
Phantom Assassin,FALSE,
Anti-Mage,TRUE,
Axe,FALSE,
Omniknight,TRUE,
Bounty Hunter,TRUE,
Rubick,FALSE,
Luna,TRUE,
Underlord,FALSE,
Bane,TRUE,
Ursa,FALSE,
Clockwerk,FALSE,
Viper,TRUE,
Sniper,FALSE,
Underlord,TRUE,
Io,TRUE,
Axe,FALSE,
Luna,TRUE,
Sand King,FALSE,
Clockwerk,TRUE,
Weaver,FALSE,
Shadow Fiend,FALSE,
Dazzle,TRUE,
Zeus,FALSE,
Dark Seer,TRUE,
Ogre Magi,TRUE,
Magnus,FALSE,
Chaos Knight,TRUE,
Slardar,FALSE,
Visage,TRUE,
Sven,FALSE,
Faceless Void,FALSE,
Leshrac,TRUE,
Venomancer,FALSE,
Omniknight,TRUE,
Shadow Demon,TRUE,
Luna,FALSE,
Sand King,TRUE,
Leshrac,FALSE,
Warlock,TRUE,
Beastmaster,FALSE,
Huskar,FALSE,
Outworld Devourer,TRUE,
Windranger,FALSE,
Sand King,TRUE,
Riki,TRUE,
Juggernaut,FALSE,
Undying,TRUE,
Nyx Assassin,FALSE,
Timbersaw,TRUE,
Winter Wyvern,FALSE,
Mirana,FALSE,
Chen,TRUE,
Tinker,FALSE,
Slardar,TRUE,
Warlock,TRUE,
Kunkka,FALSE,
Lifestealer,TRUE,
Dark Seer,FALSE,
Disruptor,TRUE,
Storm Spirit,FALSE,
Shadow Fiend,FALSE,
Lion,TRUE,
Phantom Assassin,FALSE,
Ogre Magi,TRUE,
Warlock,TRUE,
Legion Commander,FALSE,
Winter Wyvern,TRUE,
Morphling,FALSE,
Dark Seer,TRUE,
Lion,FALSE,
Slark,FALSE,
Tiny,TRUE,
Timbersaw,FALSE,
Shadow Demon,TRUE,
Disruptor,TRUE,
Tidehunter,FALSE,
Sniper,TRUE,
Earthshaker,FALSE,
Ursa,TRUE,
Lone Druid,FALSE,
Night Stalker,FALSE,
Sand King,TRUE,
Templar Assassin,FALSE,
Shadow Fiend,TRUE,
Sand King,TRUE,
Ogre Magi,FALSE,
Undying,TRUE,
Oracle,FALSE,
Warlock,TRUE,
Templar Assassin,FALSE,
Clockwerk,FALSE,
Legion Commander,TRUE,
Lifestealer,FALSE,
Lifestealer,TRUE,
Drow Ranger,TRUE,
Vengeful Spirit,FALSE,
Warlock,TRUE,
Windranger,FALSE,
Clockwerk,TRUE,
Puck,FALSE,
Alchemist,FALSE,
Skywrath Mage,TRUE,
Templar Assassin,FALSE,
Slardar,TRUE,
Batrider,TRUE,
Lifestealer,FALSE,
Morphling,TRUE,
Silencer,FALSE,
Crystal Maiden,TRUE,
Outworld Devourer,FALSE,
Nyx Assassin,FALSE,
Shadow Fiend,TRUE,
Night Stalker,FALSE,
Earth Spirit,TRUE,
Ogre Magi,TRUE,
Juggernaut,FALSE,
Slardar,TRUE,
Rubick,FALSE,
Disruptor,TRUE,
Timbersaw,FALSE,
Ursa,FALSE,
Ember Spirit,TRUE,
Legion Commander,FALSE,
Bounty Hunter,TRUE,
Batrider,TRUE,
Earth Spirit,FALSE,
Oracle,TRUE,
Outworld Devourer,FALSE,
Doom,TRUE,
Omniknight,FALSE,
Puck,FALSE,
Morphling,TRUE,
Chaos Knight,FALSE,
Dark Seer,TRUE,
Bounty Hunter,TRUE,
Juggernaut,FALSE,
Disruptor,TRUE,
Slardar,FALSE,
Lifestealer,TRUE,
Rubick,FALSE,
Outworld Devourer,FALSE,
Clockwerk,TRUE,
Phantom Assassin,FALSE,
Batrider,TRUE,
Keeper of the Light,TRUE,
Luna,FALSE,
Silencer,TRUE,
Alchemist,FALSE,
Timbersaw,TRUE,
Nyx Assassin,FALSE,
Lifestealer,FALSE,
Jakiro,TRUE,
Dark Seer,FALSE,
Riki,TRUE,
Pudge,TRUE,
Juggernaut,FALSE,
Slardar,TRUE,
Dark Seer,FALSE,
Rubick,TRUE,
Visage,FALSE,
Legion Commander,FALSE,
Bloodseeker,TRUE,
Slark,FALSE,
Rubick,TRUE,
Disruptor,TRUE,
Batrider,FALSE,
Juggernaut,TRUE,
Undying,FALSE,
Dark Seer,TRUE,
Luna,FALSE,
Ember Spirit,FALSE,
Night Stalker,TRUE,
Bristleback,FALSE,
Bounty Hunter,TRUE,
Clockwerk,TRUE,
Mirana,FALSE,
Lifestealer,TRUE,
Rubick,FALSE,
Crystal Maiden,TRUE,
Faceless Void,FALSE,
Dragon Knight,FALSE,
Dark Seer,TRUE,
Arc Warden,FALSE,
Disruptor,TRUE,
Nyx Assassin,TRUE,
Crystal Maiden,FALSE,
Lifestealer,TRUE,
Dark Seer,FALSE,
Legion Commander,TRUE,
Bristleback,FALSE,
Alchemist,FALSE,
Earth Spirit,TRUE,
Slark,FALSE,
Io,TRUE,
Slardar,TRUE,
Witch Doctor,FALSE,
Clockwerk,TRUE,
Timbersaw,FALSE,
Shadow Demon,TRUE,
Morphling,FALSE,
Puck,FALSE,
Terrorblade,TRUE,
Dark Seer,FALSE,
Warlock,TRUE,
Slardar,TRUE,
Crystal Maiden,FALSE,
Clockwerk,TRUE,
Terrorblade,FALSE,
Ember Spirit,TRUE,
Shadow Fiend,FALSE,
Legion Commander,FALSE,
Pudge,TRUE,
Dazzle,FALSE,
Ogre Magi,TRUE,
Shadow Demon,TRUE,
Luna,FALSE,
Warlock,TRUE,
Sand King,FALSE,
Clockwerk,TRUE,
Undying,FALSE,
Tinker,FALSE,
Juggernaut,TRUE,
Templar Assassin,FALSE,
Ogre Magi,TRUE,
Slardar,TRUE,
Bounty Hunter,FALSE,
Juggernaut,TRUE,
Ursa,FALSE,
Night Stalker,TRUE,
Shadow Demon,FALSE,
Lich,FALSE,
Puck,TRUE,
Alchemist,FALSE,
Bounty Hunter,TRUE,
Pudge,TRUE,
Timbersaw,FALSE,
Ursa,TRUE,
Tiny,FALSE,
Disruptor,TRUE,
Lion,FALSE,
Dark Seer,FALSE,
Troll Warlord,TRUE,
Sniper,FALSE,
Earth Spirit,TRUE,
Timbersaw,TRUE,
Keeper of the Light,FALSE,
Mirana,TRUE,
Slardar,FALSE,
Lifestealer,TRUE,
Sven,FALSE,
Batrider,FALSE,
Shadow Fiend,TRUE,
Storm Spirit,FALSE,
Underlord,TRUE,
Shadow Demon,TRUE,
Luna,FALSE,
Morphling,TRUE,
Mirana,FALSE,
Witch Doctor,TRUE,
Lone Druid,FALSE,
Queen of Pain,FALSE,
Jakiro,TRUE,
Storm Spirit,FALSE,
Bounty Hunter,TRUE,
Slardar,TRUE,
Rubick,FALSE,
Keeper of the Light,TRUE,
Sven,FALSE,
Clockwerk,TRUE,
Undying,FALSE,
Morphling,FALSE,
Puck,TRUE,
Invoker,FALSE,
Rubick,TRUE,
Sand King,TRUE,
Jakiro,FALSE,
Lifestealer,TRUE,
Crystal Maiden,FALSE,
Doom,TRUE,
Legion Commander,FALSE,
Timbersaw,FALSE,
Tiny,TRUE,
Shadow Fiend,FALSE,
Ogre Magi,TRUE,
Silencer,TRUE,
Puck,FALSE,
Outworld Devourer,TRUE,
Slardar,FALSE,
Earth Spirit,TRUE,
Ursa,FALSE,
Phantom Assassin,FALSE,
Dark Seer,TRUE,
Tidehunter,FALSE,
Sand King,TRUE,
Rubick,TRUE,
Omniknight,FALSE,
Silencer,TRUE,
Pudge,FALSE,
Mirana,TRUE,
Luna,FALSE,
Slark,FALSE,
Legion Commander,TRUE,
Dragon Knight,FALSE,
Shadow Demon,TRUE,
Ogre Magi,TRUE,
Magnus,FALSE,
Luna,TRUE,
Omniknight,FALSE,
Invoker,TRUE,
Phantom Assassin,FALSE,
Axe,FALSE,
Warlock,TRUE,
Huskar,FALSE,
Sand King,TRUE,
Batrider,TRUE,
Oracle,FALSE,
Witch Doctor,TRUE,
Outworld Devourer,FALSE,
Invoker,TRUE,
Mirana,FALSE,
Slark,FALSE,
Nyx Assassin,TRUE,
Faceless Void,FALSE,
Slardar,TRUE,
Shadow Demon,TRUE,
Luna,FALSE,
Silencer,TRUE,
Nyx Assassin,FALSE,
Drow Ranger,TRUE,
Elder Titan,FALSE,
Razor,FALSE,
Dark Seer,TRUE,
Shadow Fiend,FALSE,
Mirana,TRUE,
Underlord,TRUE,
Lich,FALSE,
Batrider,TRUE,
Juggernaut,FALSE,
Slark,TRUE,
Outworld Devourer,FALSE,
Disruptor,FALSE,
Bloodseeker,TRUE,
Earth Spirit,FALSE,
Faceless Void,TRUE,
Shadow Demon,TRUE,
Drow Ranger,FALSE,
Jakiro,TRUE,
Vengeful Spirit,FALSE,
Dazzle,TRUE,
Beastmaster,FALSE,
Kunkka,FALSE,
Sniper,TRUE,
Puck,FALSE,
Ogre Magi,TRUE,
Puck,TRUE,
Silencer,FALSE,
Nyx Assassin,TRUE,
Lifestealer,FALSE,
Lich,TRUE,
Dark Seer,FALSE,
Queen of Pain,FALSE,
Bloodseeker,TRUE,
Earth Spirit,FALSE,
Earth Spirit,TRUE,
Slardar,TRUE,
Ogre Magi,FALSE,
Lich,TRUE,
Rubick,FALSE,
Slark,TRUE,
Juggernaut,FALSE,
Omniknight,FALSE,
Venomancer,TRUE,
Mirana,FALSE,
Warlock,TRUE,
Slardar,TRUE,
Rubick,FALSE,
Ogre Magi,TRUE,
Jakiro,FALSE,
Outworld Devourer,TRUE,
Slark,FALSE,
Axe,FALSE,
Faceless Void,TRUE,
Shadow Fiend,FALSE,
Mirana,TRUE,
Shadow Demon,TRUE,
Luna,FALSE,
Sand King,TRUE,
Earth Spirit,FALSE,
Enchantress,TRUE,
Axe,FALSE,
Phantom Assassin,FALSE,
Leshrac,TRUE,
Invoker,FALSE,
Ogre Magi,TRUE,
Shadow Demon,TRUE,
Luna,FALSE,
Dark Seer,TRUE,
Slardar,FALSE,
Disruptor,TRUE,
Tusk,FALSE,
Faceless Void,FALSE,
Timbersaw,TRUE,
Leshrac,FALSE,
Batrider,TRUE,
Io,TRUE,
Nyx Assassin,FALSE,
Warlock,TRUE,
Tiny,FALSE,
Mirana,TRUE,
Chaos Knight,FALSE,
Clinkz,FALSE,
Venomancer,TRUE,
Weaver,FALSE,
Visage,TRUE,
Ogre Magi,TRUE,
Batrider,FALSE,
Weaver,TRUE,
Underlord,FALSE,
Legion Commander,TRUE,
Warlock,FALSE,
Disruptor,FALSE,
Beastmaster,TRUE,
Medusa,FALSE,
Underlord,TRUE,
Batrider,TRUE,
Juggernaut,FALSE,
Slark,TRUE,
Disruptor,FALSE,
Visage,TRUE,
Enchantress,FALSE,
Crystal Maiden,FALSE,
Puck,TRUE,
Weaver,FALSE,
Ogre Magi,TRUE,
Timbersaw,TRUE,
Jakiro,FALSE,
Nyx Assassin,TRUE,
Spirit Breaker,FALSE,
Witch Doctor,TRUE,
Sven,FALSE,
Outworld Devourer,FALSE,
Slark,TRUE,
Bloodseeker,FALSE,
Ogre Magi,TRUE,
Undying,TRUE,
Sand King,FALSE,
Slardar,TRUE,
Crystal Maiden,FALSE,
Vengeful Spirit,TRUE,
Juggernaut,FALSE,
Terrorblade,FALSE,
Dragon Knight,TRUE,
Timbersaw,FALSE,
Ogre Magi,TRUE,
Rubick,TRUE,
Timbersaw,FALSE,
Sand King,TRUE,
Pudge,FALSE,
Ursa,TRUE,
Sven,FALSE,
Undying,FALSE,
Invoker,TRUE,
Puck,FALSE,
Batrider,TRUE,
Oracle,TRUE,
Underlord,FALSE,
Undying,TRUE,
Ogre Magi,FALSE,
Rubick,TRUE,
Ursa,FALSE,
Luna,FALSE,
Pugna,TRUE,
Templar Assassin,FALSE,
Io,TRUE,
Crystal Maiden,TRUE,
Elder Titan,FALSE,
Tiny,TRUE,
Slark,FALSE,
Disruptor,TRUE,
Dark Seer,FALSE,
Clockwerk,FALSE,
Bloodseeker,TRUE,
Puck,FALSE,
Crystal Maiden,TRUE,
Io,TRUE,
Tiny,FALSE,
Lifestealer,TRUE,
Ogre Magi,FALSE,
Sand King,TRUE,
Beastmaster,FALSE,
Centaur Warrunner,FALSE,
Slark,TRUE,
Ursa,FALSE,
Luna,TRUE,
Shadow Demon,TRUE,
Mirana,FALSE,
Riki,TRUE,
Dragon Knight,FALSE,
Witch Doctor,TRUE,
Batrider,FALSE,
Legion Commander,FALSE,
Dark Seer,TRUE,
Gyrocopter,FALSE,
Luna,TRUE,
Batrider,TRUE,
Silencer,FALSE,
Shadow Demon,TRUE,
Outworld Devourer,FALSE,
Nyx Assassin,TRUE,
Underlord,FALSE,
Leshrac,FALSE,
Razor,TRUE,
Morphling,FALSE,
Luna,TRUE,
Slardar,TRUE,
Rubick,FALSE,
Riki,TRUE,
Dragon Knight,FALSE,
Witch Doctor,TRUE,
Morphling,FALSE,
Outworld Devourer,FALSE,
Axe,TRUE,
Io,FALSE,
Bounty Hunter,TRUE,
Jakiro,TRUE,
Juggernaut,FALSE,
Underlord,TRUE,
Storm Spirit,FALSE,
Gyrocopter,TRUE,
Clockwerk,FALSE,
Disruptor,FALSE,
Legion Commander,TRUE,
Omniknight,FALSE,
Slardar,TRUE,
Batrider,TRUE,
Riki,FALSE,
Witch Doctor,TRUE,
Sven,FALSE,
Dragon Knight,TRUE,
Legion Commander,FALSE,
Morphling,FALSE,
Clockwerk,TRUE,
Disruptor,FALSE,
Lifestealer,TRUE,
Slardar,TRUE,
Shadow Demon,FALSE,
Clockwerk,TRUE,
Timbersaw,FALSE,
Skywrath Mage,TRUE,
Kunkka,FALSE,
Puck,FALSE,
Dark Seer,TRUE,
Morphling,FALSE,
Lifestealer,TRUE,
Slardar,TRUE,
Rubick,FALSE,
Ogre Magi,TRUE,
Juggernaut,FALSE,
Disruptor,TRUE,
Omniknight,FALSE,
Queen of Pain,FALSE,
Axe,TRUE,
Shadow Fiend,FALSE,
Luna,TRUE,
Slardar,TRUE,
Rubick,FALSE,
Underlord,TRUE,
Timbersaw,FALSE,
Witch Doctor,TRUE,
Morphling,FALSE,
Outworld Devourer,FALSE,
Earth Spirit,TRUE,
Queen of Pain,FALSE,
Bounty Hunter,TRUE,
Lifestealer,TRUE,
Rubick,FALSE,
Legion Commander,TRUE,
Dark Seer,FALSE,
Warlock,TRUE,
Queen of Pain,FALSE,
Terrorblade,FALSE,
Tinker,TRUE,
Night Stalker,FALSE,
Ogre Magi,TRUE,
Outworld Devourer,TRUE,
Io,FALSE,
Axe,TRUE,
Batrider,FALSE,
Oracle,TRUE,
Silencer,FALSE,
Sniper,FALSE,
Slark,TRUE,
Phantom Assassin,FALSE,
Sand King,TRUE,
Dazzle,TRUE,
Lifestealer,FALSE,
Storm Spirit,TRUE,
Disruptor,FALSE,
Shadow Demon,TRUE,
Batrider,FALSE,
Terrorblade,FALSE,
Abaddon,TRUE,
Dragon Knight,FALSE,
Shadow Demon,TRUE,
Sand King,TRUE,
Mirana,FALSE,
Juggernaut,TRUE,
Slark,FALSE,
Earthshaker,TRUE,
Warlock,FALSE,
Outworld Devourer,FALSE,
Dark Seer,TRUE,
Ogre Magi,FALSE,
Dark Seer,TRUE,
Sand King,TRUE,
Ogre Magi,FALSE,
Rubick,TRUE,
Warlock,FALSE,
Weaver,TRUE,
Faceless Void,FALSE,
Outworld Devourer,FALSE,
Lina,TRUE,
Sniper,FALSE,
Clockwerk,TRUE,
Doom,TRUE,
Dazzle,FALSE,
Lone Druid,TRUE,
Templar Assassin,FALSE,
Rubick,TRUE,
Timbersaw,FALSE,
Slark,FALSE,
Beastmaster,TRUE,
Meepo,FALSE,
Slardar,TRUE,
Lifestealer,TRUE,
Magnus,FALSE,
Dazzle,TRUE,
Rubick,FALSE,
Visage,TRUE,
Storm Spirit,FALSE,
Templar Assassin,FALSE,
Slark,TRUE,
Sven,FALSE,
Underlord,TRUE,
Visage,TRUE,
Drow Ranger,FALSE,
Winter Wyvern,TRUE,
Chaos Knight,FALSE,
Ogre Magi,TRUE,
Invoker,FALSE,
Slark,FALSE,
Templar Assassin,TRUE,
Nature's Prophet,FALSE,
Shadow Demon,TRUE,
Ogre Magi,TRUE,
Nyx Assassin,FALSE,
Mirana,TRUE,
Lion,FALSE,
Kunkka,TRUE,
Slark,FALSE,
Alchemist,FALSE,
Brewmaster,TRUE,
Juggernaut,FALSE,
Ogre Magi,TRUE,
Warlock,TRUE,
Sand King,FALSE,
Drow Ranger,TRUE,
Mirana,FALSE,
Visage,TRUE,
Dark Seer,FALSE,
Puck,FALSE,
Oracle,TRUE,
Wraith King,FALSE,
Omniknight,TRUE,
Luna,TRUE,
Disruptor,FALSE,
Sand King,TRUE,
Slardar,FALSE,
Warlock,TRUE,
Dark Seer,FALSE,
Lifestealer,FALSE,
Mirana,TRUE,
Juggernaut,FALSE,
Batrider,TRUE,
Nyx Assassin,TRUE,
Visage,FALSE,
Drow Ranger,TRUE,
Chaos Knight,FALSE,
Windranger,TRUE,
Puck,FALSE,
Dragon Knight,FALSE,
Lina,TRUE,
Lifestealer,FALSE,
Ogre Magi,TRUE,
Dark Seer,TRUE,
Slardar,FALSE,
Oracle,TRUE,
Disruptor,FALSE,
Clockwerk,TRUE,
Slark,FALSE,
Anti-Mage,FALSE,
Mirana,TRUE,
Meepo,FALSE,
Luna,TRUE,
Disruptor,TRUE,
Omniknight,FALSE,
Rubick,TRUE,
Slardar,FALSE,
Invoker,TRUE,
Lifestealer,FALSE,
Spirit Breaker,FALSE,
Clockwerk,TRUE,
Templar Assassin,FALSE,
Ogre Magi,TRUE,
Legion Commander,TRUE,
Visage,FALSE,
Slark,TRUE,
Warlock,FALSE,
Witch Doctor,TRUE,
Faceless Void,FALSE,
Timbersaw,FALSE,
Magnus,TRUE,
Death Prophet,FALSE,
Pudge,TRUE,
Bounty Hunter,TRUE,
Visage,FALSE,
Crystal Maiden,TRUE,
Sand King,FALSE,
Juggernaut,TRUE,
Dragon Knight,FALSE,
Death Prophet,FALSE,
Abaddon,TRUE,
Slark,FALSE,
Dark Seer,TRUE,
Mirana,TRUE,
Sand King,FALSE,
Faceless Void,TRUE,
Elder Titan,FALSE,
Disruptor,TRUE,
Sven,FALSE,
Outworld Devourer,FALSE,
Omniknight,TRUE,
Zeus,FALSE,
Io,TRUE,
Tiny,TRUE,
Sand King,FALSE,
Slardar,TRUE,
Crystal Maiden,FALSE,
Luna,TRUE,
Dark Seer,FALSE,
Shadow Demon,FALSE,
Outworld Devourer,TRUE,
Sniper,FALSE,
Io,TRUE,
Disruptor,TRUE,
Bounty Hunter,FALSE,
Tiny,TRUE,
Batrider,FALSE,
Earth Spirit,TRUE,
Luna,FALSE,
Slark,FALSE,
Omniknight,TRUE,
Legion Commander,FALSE,
Riki,TRUE,
Io,TRUE,
Lifestealer,FALSE,
Dark Seer,TRUE,
Oracle,FALSE,
Disruptor,TRUE,
Clockwerk,FALSE,
Slark,FALSE,
Legion Commander,TRUE,
Tiny,FALSE,
Sand King,TRUE,
Timbersaw,TRUE,
Luna,FALSE,
Visage,TRUE,
Witch Doctor,FALSE,
Ember Spirit,TRUE,
Ogre Magi,FALSE,
Dark Seer,FALSE,
Phantom Lancer,TRUE,
Legion Commander,FALSE,
Slardar,TRUE,
Omniknight,TRUE,
Luna,FALSE,
Warlock,TRUE,
Disruptor,FALSE,
Dark Seer,TRUE,
Sand King,FALSE,
Razor,FALSE,
Sniper,TRUE,
Zeus,FALSE,
Shadow Demon,TRUE,
Puck,TRUE,
Silencer,FALSE,
Elder Titan,TRUE,
Slardar,FALSE,
Dark Seer,TRUE,
Batrider,FALSE,
Venomancer,FALSE,
Terrorblade,TRUE,
Weaver,FALSE,
Warlock,TRUE,
Ogre Magi,TRUE,
Slardar,FALSE,
Earth Spirit,TRUE,
Mirana,FALSE,
Clockwerk,TRUE,
Morphling,FALSE,
Outworld Devourer,FALSE,
Gyrocopter,TRUE,
Rubick,FALSE,
Slardar,TRUE,
Shadow Demon,TRUE,
Mirana,FALSE,
Winter Wyvern,TRUE,
Omniknight,FALSE,
Timbersaw,TRUE,
Nyx Assassin,FALSE,
Terrorblade,FALSE,
Dragon Knight,TRUE,
Viper,FALSE,
Visage,TRUE,
Sand King,TRUE,
Dazzle,FALSE,
Slardar,TRUE,
Magnus,FALSE,
Axe,TRUE,
Bounty Hunter,FALSE,
Ember Spirit,FALSE,
Mirana,TRUE,
Wraith King,FALSE,
Slardar,TRUE,
Invoker,TRUE,
Rubick,FALSE,
Chen,TRUE,
Batrider,FALSE,
Vengeful Spirit,TRUE,
Undying,FALSE,
Dragon Knight,FALSE,
Weaver,TRUE,
Morphling,FALSE,
Slardar,TRUE,
Puck,TRUE,
Silencer,FALSE,
Jakiro,TRUE,
Juggernaut,FALSE,
Mirana,TRUE,
Rubick,FALSE,
Slark,FALSE,
Ogre Magi,TRUE,
Sand King,FALSE,
Visage,TRUE,
Shadow Demon,TRUE,
Luna,FALSE,
Weaver,TRUE,
Outworld Devourer,FALSE,
Keeper of the Light,TRUE,
Ogre Magi,FALSE,
Slark,FALSE,
Tinker,TRUE,
Sand King,FALSE,
Slardar,TRUE,
Ogre Magi,TRUE,
Luna,FALSE,
Venomancer,TRUE,
Warlock,FALSE,
Ursa,TRUE,
Undying,FALSE,
Puck,FALSE,
Weaver,TRUE,
Alchemist,FALSE,
Shadow Demon,TRUE,
Mirana,TRUE,
Crystal Maiden,FALSE,
Sand King,TRUE,
Timbersaw,FALSE,
Warlock,TRUE,
Faceless Void,FALSE,
Anti-Mage,FALSE,
Outworld Devourer,TRUE,
Clinkz,FALSE,
Slardar,TRUE,
Ogre Magi,TRUE,
Juggernaut,FALSE,
Shadow Demon,TRUE,
Mirana,FALSE,
Dazzle,TRUE,
Timbersaw,FALSE,
Tinker,FALSE,
Ursa,TRUE,
Sand King,FALSE,
Ogre Magi,TRUE,
Venomancer,TRUE,
Slardar,FALSE,
Sand King,TRUE,
Oracle,FALSE,
Disruptor,TRUE,
Slark,FALSE,
Faceless Void,FALSE,
Invoker,TRUE,
Alchemist,FALSE,
Underlord,TRUE,
Outworld Devourer,TRUE,
Earth Spirit,FALSE,
Ogre Magi,TRUE,
Timbersaw,FALSE,
Lich,TRUE,
Chen,FALSE,
Weaver,FALSE,
Mirana,TRUE,
Puck,FALSE,
Ogre Magi,TRUE,
Elder Titan,TRUE,
Outworld Devourer,FALSE,
Nyx Assassin,TRUE,
Slark,FALSE,
Lich,TRUE,
Disruptor,FALSE,
Morphling,FALSE,
Queen of Pain,TRUE,
Faceless Void,FALSE,
Silencer,TRUE,
Warlock,TRUE,
Juggernaut,FALSE,
Slark,TRUE,
Nyx Assassin,FALSE,
Sand King,TRUE,
Rubick,FALSE,
Undying,FALSE,
Arc Warden,TRUE,
Ursa,FALSE,
Slardar,TRUE,
Shadow Demon,TRUE,
Mirana,FALSE,
Lifestealer,TRUE,
Juggernaut,FALSE,
Oracle,TRUE,
Weaver,FALSE,
Puck,FALSE,
Nyx Assassin,TRUE,
Slark,FALSE,
Mirana,TRUE,
Earth Spirit,TRUE,
Nyx Assassin,FALSE,
Sand King,TRUE,
Lich,FALSE,
Juggernaut,TRUE,
Dragon Knight,FALSE,
Oracle,FALSE,
Huskar,TRUE,
Clinkz,FALSE,
Slardar,TRUE,
Batrider,TRUE,
Io,FALSE,
Disruptor,TRUE,
Juggernaut,FALSE,
Abaddon,TRUE,
Witch Doctor,FALSE,
Morphling,FALSE,
Invoker,TRUE,
Phantom Lancer,FALSE,
Ogre Magi,TRUE,
Dazzle,TRUE,
Luna,FALSE,
Axe,TRUE,
Vengeful Spirit,FALSE,
Disruptor,TRUE,
Clockwerk,FALSE,
Juggernaut,FALSE,
Puck,TRUE,
Phantom Assassin,FALSE,
Warlock,TRUE,
Shadow Demon,TRUE,
Luna,FALSE,
Sand King,TRUE,
Batrider,FALSE,
Sniper,TRUE,
Clockwerk,FALSE,
Slark,FALSE,
Vengeful Spirit,TRUE,
Timbersaw,FALSE,
Batrider,TRUE,
Ogre Magi,TRUE,
Nyx Assassin,FALSE,
Lifestealer,TRUE,
Juggernaut,FALSE,
Slardar,TRUE,
Winter Wyvern,FALSE,
Shadow Demon,FALSE,
Shadow Fiend,TRUE,
Queen of Pain,FALSE,
Ogre Magi,TRUE,
Batrider,TRUE,
Earth Spirit,FALSE,
Lifestealer,TRUE,
Keeper of the Light,FALSE,
Nyx Assassin,TRUE,
Juggernaut,FALSE,
Alchemist,FALSE,
Oracle,TRUE,
Morphling,FALSE,
Ogre Magi,TRUE,
Io,TRUE,
Lifestealer,FALSE,
Outworld Devourer,TRUE,
Vengeful Spirit,FALSE,
Axe,TRUE,
Batrider,FALSE,
Slark,FALSE,
Oracle,TRUE,
Storm Spirit,FALSE,
Slardar,TRUE,
Dark Seer,TRUE,
Oracle,FALSE,
Outworld Devourer,TRUE,
Sand King,FALSE,
Nyx Assassin,TRUE,
Mirana,FALSE,
Rubick,FALSE,
Weaver,TRUE,
Phantom Assassin,FALSE,
Visage,TRUE,
Axe,TRUE,
Ogre Magi,FALSE,
Vengeful Spirit,TRUE,
Lifestealer,FALSE,
Timbersaw,TRUE,
Rubick,FALSE,
Weaver,FALSE,
Dragon Knight,TRUE,
Outworld Devourer,FALSE,
Sand King,TRUE,
Shadow Demon,TRUE,
Luna,FALSE,
Warlock,TRUE,
Omniknight,FALSE,
Ogre Magi,TRUE,
Pudge,FALSE,
Sniper,FALSE,
Morphling,TRUE,
Outworld Devourer,FALSE,
Lich,TRUE,
Ogre Magi,TRUE,
Juggernaut,FALSE,
Bloodseeker,TRUE,
Sand King,FALSE,
Slark,TRUE,
Disruptor,FALSE,
Centaur Warrunner,FALSE,
Enigma,TRUE,
Invoker,FALSE,
Visage,TRUE,
Outworld Devourer,TRUE,
Faceless Void,FALSE,
Sand King,TRUE,
Warlock,FALSE,
Sven,TRUE,
Timbersaw,FALSE,
Storm Spirit,FALSE,
Oracle,TRUE,
Disruptor,FALSE,
Omniknight,TRUE,
Ogre Magi,TRUE,
Slardar,FALSE,
Rubick,TRUE,
Drow Ranger,FALSE,
Clockwerk,TRUE,
Mirana,FALSE,
Storm Spirit,FALSE,
Centaur Warrunner,TRUE,
Dragon Knight,FALSE,
Ogre Magi,TRUE,
Underlord,TRUE,
Disruptor,FALSE,
Luna,TRUE,
Dark Seer,FALSE,
Centaur Warrunner,TRUE,
Slark,FALSE,
Rubick,FALSE,
Mirana,TRUE,
Puck,FALSE,
Batrider,TRUE,
Warlock,TRUE,
Luna,FALSE,
Undying,TRUE,
Dark Seer,FALSE,
Lifestealer,TRUE,
Spirit Breaker,FALSE,
Disruptor,FALSE,
Ember Spirit,TRUE,
Ursa,FALSE,
Visage,TRUE,
Sand King,TRUE,
Timbersaw,FALSE,
Crystal Maiden,TRUE,
Leshrac,FALSE,
Bloodseeker,TRUE,
Wraith King,FALSE,
Invoker,FALSE,
Storm Spirit,TRUE,
Meepo,FALSE,
Ogre Magi,TRUE,
Puck,TRUE,
Slardar,FALSE,
Lifestealer,TRUE,
Batrider,FALSE,
Oracle,TRUE,
Ursa,FALSE,
Nyx Assassin,FALSE,
Outworld Devourer,TRUE,
Winter Wyvern,FALSE,
Invoker,TRUE,
Slardar,TRUE,
Tinker,FALSE,
Ogre Magi,TRUE,
Silencer,FALSE,
Crystal Maiden,TRUE,
Spirit Breaker,FALSE,
Clockwerk,FALSE,
Slark,TRUE,
Lifestealer,FALSE,
Slardar,TRUE,
Shadow Demon,TRUE,
Mirana,FALSE,
Warlock,TRUE,
Luna,FALSE,
Batrider,TRUE,
Nyx Assassin,FALSE,
Slark,FALSE,
Puck,TRUE,
Storm Spirit,FALSE,
Slardar,TRUE,
Disruptor,TRUE,
Faceless Void,FALSE,
Vengeful Spirit,TRUE,
Dazzle,FALSE,
Earth Spirit,TRUE,
Outworld Devourer,FALSE,
Templar Assassin,FALSE,
Luna,TRUE,
Sven,FALSE,
Batrider,TRUE,
Crystal Maiden,TRUE,
Juggernaut,FALSE,
Rubick,TRUE,
Kunkka,FALSE,
Omniknight,TRUE,
Outworld Devourer,FALSE,
Naga Siren,FALSE,
Razor,TRUE,
Underlord,FALSE,
Slardar,TRUE,
Shadow Demon,TRUE,
Mirana,FALSE,
Tinker,TRUE,
Clockwerk,FALSE,
Disruptor,TRUE,
Storm Spirit,FALSE,
Juggernaut,FALSE,
Ogre Magi,TRUE,
Drow Ranger,FALSE,
Outworld Devourer,TRUE,
Bounty Hunter,TRUE,
Dark Seer,FALSE,
Legion Commander,TRUE,
Rubick,FALSE,
Disruptor,TRUE,
Ursa,FALSE,
Spirit Breaker,FALSE,
Gyrocopter,TRUE,
Viper,FALSE,
Legion Commander,TRUE,
Invoker,TRUE,
Slardar,FALSE,
Ogre Magi,TRUE,
Shadow Demon,FALSE,
Silencer,TRUE,
Dazzle,FALSE,
Timbersaw,FALSE,
Luna,TRUE,
Faceless Void,FALSE,
Ogre Magi,TRUE,
Juggernaut,TRUE,
Omniknight,FALSE,
Silencer,TRUE,
Dazzle,FALSE,
Storm Spirit,TRUE,
Viper,FALSE,
Weaver,FALSE,
Morphling,TRUE,
Meepo,FALSE,
Sand King,TRUE,
Lifestealer,TRUE,
Slardar,FALSE,
Rubick,TRUE,
Disruptor,FALSE,
Dazzle,TRUE,
Dark Seer,FALSE,
Dragon Knight,FALSE,
Phantom Lancer,TRUE,
Tinker,FALSE,
Slardar,TRUE,
Underlord,TRUE,
Ogre Magi,FALSE,
Timbersaw,TRUE,
Storm Spirit,FALSE,
Jakiro,TRUE,
Drow Ranger,FALSE,
Anti-Mage,FALSE,
Undying,TRUE,
Visage,FALSE,
Slardar,TRUE,
Lifestealer,TRUE,
Disruptor,FALSE,
Luna,TRUE,
Underlord,FALSE,
Omniknight,TRUE,
Rubick,FALSE,
Outworld Devourer,FALSE,
Pudge,TRUE,
Tinker,FALSE,
Ogre Magi,TRUE,
Slardar,TRUE,
Lion,FALSE,
Timbersaw,TRUE,
Keeper of the Light,FALSE,
Tinker,TRUE,
Phantom Assassin,FALSE,
Kunkka,FALSE,
Slark,TRUE,
Outworld Devourer,FALSE,
Rubick,TRUE,
Earth Spirit,TRUE,
Keeper of the Light,FALSE,
Underlord,TRUE,
Storm Spirit,FALSE,
Nyx Assassin,TRUE,
Dark Seer,FALSE,
Juggernaut,FALSE,
Invoker,TRUE,
Drow Ranger,FALSE,
Slardar,TRUE,
Lifestealer,TRUE,
Disruptor,FALSE,
Visage,TRUE,
Bounty Hunter,FALSE,
Ember Spirit,TRUE,
Dragon Knight,FALSE,
Vengeful Spirit,FALSE,
Kunkka,TRUE,
Tidehunter,FALSE,
Slardar,TRUE,
Shadow Shaman,TRUE,
Magnus,FALSE,
Lifestealer,TRUE,
Disruptor,FALSE,
Alchemist,TRUE,
Troll Warlord,FALSE,
Shadow Demon,FALSE,
Crystal Maiden,TRUE,
Timbersaw,FALSE,
Ogre Magi,TRUE,
Faceless Void,TRUE,
Earthshaker,FALSE,
Luna,TRUE,
Oracle,FALSE,
Clockwerk,TRUE,
Jakiro,FALSE,
Shadow Fiend,FALSE,
Silencer,TRUE,
Sniper,FALSE,
Slardar,TRUE,
Disruptor,TRUE,
Juggernaut,FALSE,
Rubick,TRUE,
Axe,FALSE,
Oracle,TRUE,
Enchantress,FALSE,
Shadow Fiend,FALSE,
Weaver,TRUE,
Tinker,FALSE,
Ogre Magi,TRUE,
Slardar,TRUE,
Witch Doctor,FALSE,
Batrider,TRUE,
Legion Commander,FALSE,
Disruptor,TRUE,
Luna,FALSE,
Storm Spirit,FALSE,
Morphling,TRUE,
Tiny,FALSE,
Slardar,TRUE,
Io,TRUE,
Clockwerk,FALSE,
Disruptor,TRUE,
Queen of Pain,FALSE,
Riki,TRUE,
Vengeful Spirit,FALSE,
Weaver,FALSE,
Tinker,TRUE,
Chaos Knight,FALSE,
Slardar,TRUE,
Outworld Devourer,TRUE,
Legion Commander,FALSE,
Lifestealer,TRUE,
Dazzle,FALSE,
Rubick,TRUE,
Spirit Breaker,FALSE,
Meepo,FALSE,
Visage,TRUE,
Terrorblade,FALSE,
Outworld Devourer,TRUE,
Warlock,TRUE,
Faceless Void,FALSE,
Io,TRUE,
Death Prophet,FALSE,
Rubick,TRUE,
Riki,FALSE,
Sven,FALSE,
Slardar,TRUE,
Lifestealer,FALSE,
Slardar,TRUE,
Batrider,TRUE,
Lifestealer,FALSE,
Winter Wyvern,TRUE,
Ogre Magi,FALSE,
Storm Spirit,TRUE,
Silencer,FALSE,
Omniknight,FALSE,
Sven,TRUE,
Dragon Knight,FALSE,
Bounty Hunter,TRUE,
Dark Seer,TRUE,
Spirit Breaker,FALSE,
Timbersaw,TRUE,
Lifestealer,FALSE,
Lich,TRUE,
Skywrath Mage,FALSE,
Faceless Void,FALSE,
Dragon Knight,TRUE,
Meepo,FALSE,
Io,TRUE,
Slardar,TRUE,
Shadow Fiend,FALSE,
Batrider,TRUE,
Dark Seer,FALSE,
Night Stalker,TRUE,
Disruptor,FALSE,
Ember Spirit,FALSE,
Venomancer,TRUE,
Weaver,FALSE,
Slardar,TRUE,
Ogre Magi,TRUE,
Clockwerk,FALSE,
Witch Doctor,TRUE,
Sven,FALSE,
Weaver,TRUE,
Warlock,FALSE,
Ember Spirit,FALSE,
Ursa,TRUE,
Tinker,FALSE,
Batrider,TRUE,
Legion Commander,TRUE,
Silencer,FALSE,
Spirit Breaker,TRUE,
Luna,FALSE,
Disruptor,TRUE,
Ogre Magi,FALSE,
Juggernaut,FALSE,
Storm Spirit,TRUE,
Mirana,FALSE,
Rubick,TRUE,
Dark Seer,TRUE,
Riki,FALSE,
Earth Spirit,TRUE,
Crystal Maiden,FALSE,
Clockwerk,TRUE,
Storm Spirit,FALSE,
Ember Spirit,FALSE,
Queen of Pain,TRUE,
Wraith King,FALSE,
Legion Commander,TRUE,
Dazzle,TRUE,
Luna,FALSE,
Io,TRUE,
Elder Titan,FALSE,
Ogre Magi,TRUE,
Clockwerk,FALSE,
Puck,FALSE,
Gyrocopter,TRUE,
Tinker,FALSE,
Sand King,TRUE,
Faceless Void,TRUE,
Ogre Magi,FALSE,
Dazzle,TRUE,
Invoker,FALSE,
Phantom Assassin,TRUE,
Silencer,FALSE,
Omniknight,FALSE,
Razor,TRUE,
Meepo,FALSE,
Meepo,TRUE,
Timbersaw,TRUE,
Jakiro,FALSE,
Rubick,TRUE,
Visage,FALSE,
Nyx Assassin,TRUE,
Sand King,FALSE,
Keeper of the Light,FALSE,
Bristleback,TRUE,
Tinker,FALSE,
Axe,TRUE,
Dark Seer,TRUE,
Spirit Breaker,FALSE,
Oracle,TRUE,
Gyrocopter,FALSE,
Juggernaut,TRUE,
Ancient Apparition,FALSE,
Outworld Devourer,FALSE,
Disruptor,TRUE,
Sniper,FALSE,
Drow Ranger,TRUE,
Visage,TRUE,
Dark Seer,FALSE,
Batrider,TRUE,
Ogre Magi,FALSE,
Weaver,TRUE,
Faceless Void,FALSE,
Disruptor,FALSE,
Puck,TRUE,
Shadow Fiend,FALSE,
Slardar,TRUE,
Ogre Magi,TRUE,
Warlock,FALSE,
Rubick,TRUE,
Weaver,FALSE,
Night Stalker,TRUE,
Razor,FALSE,
Slark,FALSE,
Mirana,TRUE,
Dragon Knight,FALSE,
Bounty Hunter,TRUE,
Shadow Demon,TRUE,
Mirana,FALSE,
Juggernaut,TRUE,
Sand King,FALSE,
Centaur Warrunner,TRUE,
Drow Ranger,FALSE,
Warlock,FALSE,
Puck,TRUE,
Templar Assassin,FALSE,
Underlord,TRUE,
Timbersaw,TRUE,
Batrider,FALSE,
Ogre Magi,TRUE,
Bounty Hunter,FALSE,
Disruptor,TRUE,
Alchemist,FALSE,
Shadow Fiend,FALSE,
Wraith King,TRUE,
Bane,FALSE,
Ogre Magi,TRUE,
Slardar,TRUE,
Disruptor,FALSE,
Batrider,TRUE,
Oracle,FALSE,
Huskar,TRUE,
Windranger,FALSE,
Abaddon,FALSE,
Juggernaut,TRUE,
Chaos Knight,FALSE,
Visage,TRUE,
Drow Ranger,TRUE,
Slardar,FALSE,
Clockwerk,TRUE,
Witch Doctor,FALSE,
Ogre Magi,TRUE,
Omniknight,FALSE,
Sven,FALSE,
Templar Assassin,TRUE,
Viper,FALSE,
Ogre Magi,TRUE,
Dark Seer,TRUE,
Night Stalker,FALSE,
Disruptor,TRUE,
Weaver,FALSE,
Sand King,TRUE,
Rubick,FALSE,
Shadow Fiend,FALSE,
Anti-Mage,TRUE,
Outworld Devourer,FALSE,
Faceless Void,TRUE,
Disruptor,TRUE,
Slardar,FALSE,
Warlock,TRUE,
Kunkka,FALSE,
Juggernaut,TRUE,
Invoker,FALSE,
Nyx Assassin,FALSE,
Storm Spirit,TRUE,
Dark Seer,FALSE,
Omniknight,TRUE,
Shadow Demon,TRUE,
Luna,FALSE,
Pudge,TRUE,
Kunkka,FALSE,
Lion,TRUE,
Batrider,FALSE,
Invoker,FALSE,
Slark,TRUE,
Alchemist,FALSE,
Crystal Maiden,TRUE,
Meepo,TRUE,
Warlock,FALSE,
Slardar,TRUE,
Jakiro,FALSE,
Lifestealer,TRUE,
Abaddon,FALSE,
Puck,FALSE,
Earthshaker,TRUE,
Wraith King,FALSE,
Batrider,TRUE,
Dark Seer,TRUE,
Weaver,FALSE,
Earth Spirit,TRUE,
Disruptor,FALSE,
Rubick,TRUE,
Riki,FALSE,
Bloodseeker,FALSE,
Dragon Knight,TRUE,
Shadow Fiend,FALSE,
Visage,TRUE,
Leshrac,TRUE,
Abaddon,FALSE,
Slark,TRUE,
Slardar,FALSE,
Omniknight,TRUE,
Ogre Magi,FALSE,
Clockwerk,FALSE,
Invoker,TRUE,
Silencer,FALSE,
Sand King,TRUE,
Ogre Magi,TRUE,
Batrider,FALSE,
Slark,TRUE,
Dazzle,FALSE,
Huskar,TRUE,
Lifestealer,FALSE,
Abaddon,FALSE,
Timbersaw,TRUE,
Tinker,FALSE,
Slardar,TRUE,
Winter Wyvern,TRUE,
Dark Seer,FALSE,
Oracle,TRUE,
Juggernaut,FALSE,
Bloodseeker,TRUE,
Axe,FALSE,
Lich,FALSE,
Invoker,TRUE,
Puck,FALSE,
Skywrath Mage,TRUE,
Shadow Demon,TRUE,
Luna,FALSE,
Shadow Fiend,TRUE,
Vengeful Spirit,FALSE,
Nature's Prophet,TRUE,
Centaur Warrunner,FALSE,
Legion Commander,FALSE,
Winter Wyvern,TRUE,
Templar Assassin,FALSE,
Underlord,TRUE,
Slardar,TRUE,
Ogre Magi,FALSE,
Dark Seer,TRUE,
Morphling,FALSE,
Ancient Apparition,TRUE,
Alchemist,FALSE,
Storm Spirit,FALSE,
Bloodseeker,TRUE,
Brewmaster,FALSE,
Omniknight,TRUE,
Underlord,TRUE,
Warlock,FALSE,
Drow Ranger,TRUE,
Axe,FALSE,
Invoker,TRUE,
Legion Commander,FALSE,
Earthshaker,FALSE,
Tinker,TRUE,
Beastmaster,FALSE,
Centaur Warrunner,TRUE,
Slardar,TRUE,
Rubick,FALSE,
Slark,TRUE,
Juggernaut,FALSE,
Visage,TRUE,
Sand King,FALSE,
Earthshaker,FALSE,
Viper,TRUE,
Puck,FALSE,
Slardar,TRUE,
Crystal Maiden,TRUE,
Centaur Warrunner,FALSE,
Lifestealer,TRUE,
Undying,FALSE,
Visage,TRUE,
Shadow Fiend,FALSE,
Storm Spirit,FALSE,
Rubick,TRUE,
Spectre,FALSE,
Underlord,TRUE,
Rubick,TRUE,
Timbersaw,FALSE,
Luna,TRUE,
Dragon Knight,FALSE,
Disruptor,TRUE,
Wraith King,FALSE,
Shadow Fiend,FALSE,
Chaos Knight,TRUE,
Phoenix,FALSE,
Drow Ranger,TRUE,
Phantom Assassin,TRUE,
Ogre Magi,FALSE,
Puck,TRUE,
Jakiro,FALSE,
Silencer,TRUE,
Ember Spirit,FALSE,
Dragon Knight,FALSE,
Weaver,TRUE,
Bounty Hunter,FALSE,
Riki,TRUE,
Underlord,TRUE,
Jakiro,FALSE,
Timbersaw,TRUE,
Juggernaut,FALSE,
Rubick,TRUE,
Pugna,FALSE,
Shadow Fiend,FALSE,
Centaur Warrunner,TRUE,
Kunkka,FALSE,
Bounty Hunter,TRUE,
Batrider,TRUE,
Slardar,FALSE,
Lifestealer,TRUE,
Disruptor,FALSE,
Witch Doctor,TRUE,
Slark,FALSE,
Doom,FALSE,
Puck,TRUE,
Ember Spirit,FALSE,
Earth Spirit,TRUE,
Disruptor,TRUE,
Slardar,FALSE,
Rubick,TRUE,
Dragon Knight,FALSE,
Timbersaw,TRUE,
Bloodseeker,FALSE,
Clockwerk,FALSE,
Queen of Pain,TRUE,
Juggernaut,FALSE,
Ogre Magi,TRUE,
Slardar,TRUE,
Lifestealer,FALSE,
Bane,TRUE,
Disruptor,FALSE,
Weaver,TRUE,
Vengeful Spirit,FALSE,
Razor,FALSE,
Dragon Knight,TRUE,
Timbersaw,FALSE,
Io,TRUE,
Batrider,TRUE,
Warlock,FALSE,
Oracle,TRUE,
Earth Spirit,FALSE,
Juggernaut,TRUE,
Timbersaw,FALSE,
Tiny,FALSE,
Sand King,TRUE,
Anti-Mage,FALSE,
Visage,TRUE,
Dark Seer,TRUE,
Earth Spirit,FALSE,
Puck,TRUE,
Keeper of the Light,FALSE,
Luna,TRUE,
Bristleback,FALSE,
Timbersaw,FALSE,
Undying,TRUE,
Sniper,FALSE,
Io,TRUE,
Lifestealer,TRUE,
Disruptor,FALSE,
Batrider,TRUE,
Dark Seer,FALSE,
Bane,TRUE,
Riki,FALSE,
Medusa,FALSE,
Underlord,TRUE,
Naga Siren,FALSE,
Batrider,TRUE,
Oracle,TRUE,
Sand King,FALSE,
Silencer,TRUE,
Ogre Magi,FALSE,
Omniknight,TRUE,
Luna,FALSE,
Ember Spirit,FALSE,
Mirana,TRUE,
Alchemist,FALSE,
Bounty Hunter,TRUE,
Centaur Warrunner,TRUE,
Dazzle,FALSE,
Axe,TRUE,
Razor,FALSE,
Rubick,TRUE,
Jakiro,FALSE,
Queen of Pain,FALSE,
Juggernaut,TRUE,
Faceless Void,FALSE,
Underlord,TRUE,
Visage,TRUE,
Lifestealer,FALSE,
Slark,TRUE,
Sand King,FALSE,
Bane,TRUE,
Jakiro,FALSE,
Leshrac,FALSE,
Mirana,TRUE,
Legion Commander,FALSE,
Dazzle,TRUE,
Ogre Magi,TRUE,
Omniknight,FALSE,
Terrorblade,TRUE,
Magnus,FALSE,
Rubick,TRUE,
Phantom Assassin,FALSE,
Timbersaw,FALSE,
Shadow Demon,TRUE,
Anti-Mage,FALSE,
Sand King,TRUE,
Slardar,TRUE,
Rubick,FALSE,
Underlord,TRUE,
Outworld Devourer,FALSE,
Luna,TRUE,
Dark Seer,FALSE,
Witch Doctor,FALSE,
Tinker,TRUE,
Weaver,FALSE,
Visage,TRUE,
Warlock,TRUE,
Luna,FALSE,
Batrider,TRUE,
Centaur Warrunner,FALSE,
Lifestealer,TRUE,
Shadow Demon,FALSE,
Storm Spirit,FALSE,
Rubick,TRUE,
Puck,FALSE,
Rubick,TRUE,
Io,TRUE,
Lifestealer,FALSE,
Nyx Assassin,TRUE,
Night Stalker,FALSE,
Warlock,TRUE,
Witch Doctor,FALSE,
Timbersaw,FALSE,
Phantom Lancer,TRUE,
Shadow Fiend,FALSE,
Ogre Magi,TRUE,
Dark Seer,TRUE,
Earth Spirit,FALSE,
Oracle,TRUE,
Tinker,FALSE,
Lifestealer,TRUE,
Juggernaut,FALSE,
Storm Spirit,FALSE,
Doom,TRUE,
Rubick,FALSE,
Riki,TRUE,
Drow Ranger,TRUE,
Ogre Magi,FALSE,
Batrider,TRUE,
Visage,FALSE,
Winter Wyvern,TRUE,
Centaur Warrunner,FALSE,
Tinker,FALSE,
Axe,TRUE,
Queen of Pain,FALSE,
Batrider,TRUE,
Disruptor,TRUE,
Weaver,FALSE,
Underlord,TRUE,
Queen of Pain,FALSE,
Silencer,TRUE,
Vengeful Spirit,FALSE,
Lifestealer,FALSE,
Ember Spirit,TRUE,
Beastmaster,FALSE,
Batrider,TRUE,
Riki,TRUE,
Lifestealer,FALSE,
Underlord,TRUE,
Rubick,FALSE,
Witch Doctor,TRUE,
Omniknight,FALSE,
Luna,FALSE,
Legion Commander,TRUE,
Tiny,FALSE,
Underlord,TRUE,
Drow Ranger,TRUE,
Ogre Magi,FALSE,
Arc Warden,TRUE,
Dazzle,FALSE,
Chen,TRUE,
Sand King,FALSE,
Jakiro,FALSE,
Sniper,TRUE,
Mirana,FALSE,
Batrider,TRUE,
Visage,TRUE,
Lifestealer,FALSE,
Bounty Hunter,TRUE,
Earth Spirit,FALSE,
Mirana,TRUE,
Dark Seer,FALSE,
Witch Doctor,FALSE,
Slark,TRUE,
Terrorblade,FALSE,
Ogre Magi,TRUE,
Batrider,TRUE,
Slardar,FALSE,
Legion Commander,TRUE,
Witch Doctor,FALSE,
Silencer,TRUE,
Razor,FALSE,
Lich,FALSE,
Juggernaut,TRUE,
Lone Druid,FALSE,
Slardar,TRUE,
Batrider,TRUE,
Visage,FALSE,
Alchemist,TRUE,
Shadow Demon,FALSE,
Oracle,TRUE,
Morphling,FALSE,
Weaver,FALSE,
Legion Commander,TRUE,
Magnus,FALSE,
Underlord,TRUE,
Clockwerk,TRUE,
Keeper of the Light,FALSE,
Io,TRUE,
Magnus,FALSE,
Disruptor,TRUE,
Luna,FALSE,
Morphling,FALSE,
Queen of Pain,TRUE,
Vengeful Spirit,FALSE,
Slardar,TRUE,
Batrider,TRUE,
Ogre Magi,FALSE,
Weaver,TRUE,
Rubick,FALSE,
Keeper of the Light,TRUE,
Juggernaut,FALSE,
Enigma,FALSE,
Abaddon,TRUE,
Silencer,FALSE,
Slardar,TRUE,
Earthshaker,TRUE,
Weaver,FALSE,
Dark Seer,TRUE,
Warlock,FALSE,
Disruptor,TRUE,
Enigma,FALSE,
Riki,FALSE,
Shadow Fiend,TRUE,
Mirana,FALSE,
Silencer,TRUE,
Rubick,TRUE,
Slardar,FALSE,
Batrider,TRUE,
Slark,FALSE,
Leshrac,TRUE,
Earth Spirit,FALSE,
Legion Commander,FALSE,
Ogre Magi,TRUE,
Viper,FALSE,
Visage,TRUE,
Slark,TRUE,
Warlock,FALSE,
Slardar,TRUE,
Ogre Magi,FALSE,
Bounty Hunter,TRUE,
Axe,FALSE,
Outworld Devourer,FALSE,
Juggernaut,TRUE,
Viper,FALSE,
